065182,172.19.0.6,GET,https://drupal-example-10x.ddev.site/admin/config/development,1685825582,065182,200
e09b68,172.19.0.6,GET,https://drupal-example-10x.ddev.site/admin/config/development,1685825582,065182,200
69e95d,172.19.0.6,POST,https://drupal-example-10x.ddev.site/admin/reports/profiler/frontend/031ea1/cwv,1685825583,69e95d,200
8cfa50,172.19.0.6,POST,https://drupal-example-10x.ddev.site/admin/reports/profiler/frontend/031ea1/cwv,1685825583,8cfa50,404
d22a79,172.19.0.6,POST,https://drupal-example-10x.ddev.site/admin/reports/profiler/frontend/031ea1/cwv,1685825583,d22a79,200
f5fd40,172.19.0.6,POST,https://drupal-example-10x.ddev.site/admin/reports/profiler/frontend/031ea1/cwv,1685825583,f5fd40,404
bd1ecd,172.19.0.6,GET,https://drupal-example-10x.ddev.site/admin/config/development,1685825582,065182,200
1868f1,172.19.0.6,GET,https://drupal-example-10x.ddev.site/admin/config/development,1685825582,065182,200
e13f6a,172.19.0.6,GET,https://drupal-example-10x.ddev.site/admin/config/development,1685825582,065182,200
133f84,172.19.0.6,GET,https://drupal-example-10x.ddev.site/admin/config/development,1685825582,065182,200
a44821,172.19.0.6,GET,https://drupal-example-10x.ddev.site/admin/config/development,1685825582,065182,200
d96364,172.19.0.6,GET,https://drupal-example-10x.ddev.site/admin/config/development,1685825582,065182,200
44e6d9,172.19.0.6,GET,https://drupal-example-10x.ddev.site/admin/config/development,1685825583,065182,200
7e3e2d,172.19.0.6,GET,https://drupal-example-10x.ddev.site/admin/config/development/performance,1685825584,7e3e2d,200
495b19,172.19.0.6,GET,https://drupal-example-10x.ddev.site/admin/config/development/performance,1685825585,7e3e2d,200
c6437c,172.19.0.6,GET,https://drupal-example-10x.ddev.site/admin/config/development/performance,1685825585,7e3e2d,200
0b513d,172.19.0.6,GET,https://drupal-example-10x.ddev.site/admin/config/development/performance,1685825585,7e3e2d,200
ee9f10,172.19.0.6,GET,https://drupal-example-10x.ddev.site/admin/config/development/performance,1685825585,7e3e2d,200
4f9c07,172.19.0.6,GET,https://drupal-example-10x.ddev.site/admin/config/development/performance,1685825585,7e3e2d,200
a6a749,172.19.0.6,GET,https://drupal-example-10x.ddev.site/admin/config/development/performance,1685825585,7e3e2d,200
ba617c,172.19.0.6,GET,https://drupal-example-10x.ddev.site/admin/config/development/performance,1685825585,7e3e2d,200
1fc38b,172.19.0.6,GET,https://drupal-example-10x.ddev.site/admin/config/development/performance,1685825585,7e3e2d,200
a3a888,172.19.0.6,GET,https://drupal-example-10x.ddev.site/admin/config/development/performance,1685825585,7e3e2d,200
da655e,172.19.0.6,GET,https://drupal-example-10x.ddev.site/admin/config/development/performance,1685825585,7e3e2d,200
17b97e,172.19.0.6,GET,https://drupal-example-10x.ddev.site/,1685825602,17b97e,200
be9aa9,172.19.0.6,GET,https://drupal-example-10x.ddev.site/,1685825602,17b97e,200
f25a21,172.19.0.6,GET,https://drupal-example-10x.ddev.site/,1685825602,17b97e,200
4945da,172.19.0.6,GET,https://drupal-example-10x.ddev.site/,1685825602,17b97e,200
7ab4f0,172.19.0.6,GET,https://drupal-example-10x.ddev.site/,1685825602,17b97e,200
b07609,172.19.0.6,GET,https://drupal-example-10x.ddev.site/,1685825602,17b97e,200
4b4699,172.19.0.6,GET,https://drupal-example-10x.ddev.site/,1685825602,17b97e,200
ff32ff,172.19.0.6,GET,https://drupal-example-10x.ddev.site/,1685825608,ff32ff,200
a9c988,172.19.0.6,GET,https://drupal-example-10x.ddev.site/,1685825608,ff32ff,200
baeddd,172.19.0.6,GET,https://drupal-example-10x.ddev.site/,1685825608,ff32ff,200
d688c0,172.19.0.6,GET,https://drupal-example-10x.ddev.site/,1685825608,ff32ff,200
ac81b1,172.19.0.6,GET,https://drupal-example-10x.ddev.site/,1685825608,ff32ff,200
4ae238,172.19.0.6,GET,https://drupal-example-10x.ddev.site/,1685825609,ff32ff,200
1feadc,172.19.0.6,GET,https://drupal-example-10x.ddev.site/,1685825609,ff32ff,200
